model,feature_tier,num_features,oof_auroc,oof_auprc,oof_utility_norm,oof_optimal_threshold,test_auroc,test_auprc,test_utility_norm,test_f1,test_sensitivity,test_specificity,test_brier
Random_Forest,F1,80,0.6247,0.0611,0.2074,0.19,0.9588,0.2611,0.7084,0.1824,1.0,0.7617,0.0364
XGBoost,F1,80,0.5945,0.0502,0.1948,0.05,0.9074,0.146,0.4711,0.1134,0.9655,0.5995,0.0358
Hist_Gradient_Boosting,F1,80,0.5631,0.042,0.079,0.01,0.9272,0.1713,0.7675,0.2258,0.9655,0.8249,0.0241
Random_Forest,F2,215,0.6245,0.051,0.2052,0.09,0.8592,0.0825,0.3373,0.0927,1.0,0.4794,0.0418
XGBoost,F2,215,0.5693,0.0395,0.0652,0.03,0.9068,0.2125,0.5361,0.1258,1.0,0.6306,0.0245
Hist_Gradient_Boosting,F2,215,0.5789,0.0379,0.0,0.99,0.8323,0.0741,0.0,0.0,0.0,1.0,0.0262
Random_Forest,F3,222,0.6196,0.0415,0.1955,0.07,0.9032,0.1143,0.241,0.0822,1.0,0.406,0.0369
XGBoost,F3,222,0.5801,0.0381,0.0559,0.03,0.8508,0.2554,0.4036,0.1111,0.8966,0.6214,0.0254
Hist_Gradient_Boosting,F3,222,0.5734,0.0379,0.0047,0.01,0.8998,0.1605,0.4124,0.24,0.6207,0.9056,0.0251
Random_Forest,F4,229,0.6203,0.0433,0.176,0.09,0.8679,0.0881,0.3458,0.0937,1.0,0.4858,0.039
XGBoost,F4,229,0.5849,0.0398,0.111,0.03,0.898,0.2896,0.4916,0.1165,1.0,0.5967,0.0239
Hist_Gradient_Boosting,F4,229,0.5796,0.0434,0.0541,0.01,0.8831,0.1077,0.059,0.0952,0.1379,0.9533,0.0257
