feature,category,missing_pct,density_pct,non_null_count,out_of_bounds_count,min,mean,max
HR,Vital,10.09,89.91,6827,0,40.0,86.28,162.5
O2Sat,Vital,13.2,86.8,6591,0,59.0,97.21,100.0
Temp,Vital,66.82,33.18,2519,0,33.0,36.95,40.5
SBP,Vital,15.21,84.79,6438,0,69.0,125.68,222.0
MAP,Vital,12.27,87.73,6661,0,20.0,82.95,219.0
DBP,Vital,32.86,67.14,5098,1,24.0,64.91,287.0
Resp,Vital,15.91,84.09,6385,10,1.0,18.66,55.5
EtCO2,Vital,96.4,3.6,273,0,11.5,33.08,43.0
BaseExcess,Lab,95.07,4.93,374,0,-14.0,-0.3,24.0
HCO3,Lab,95.93,4.07,309,0,12.0,23.84,48.0
FiO2,Lab,92.8,7.2,547,0,0.02,0.49,1.0
pH,Lab,93.88,6.12,465,0,6.98,7.37,7.55
PaCO2,Lab,94.9,5.1,387,0,20.0,43.88,100.0
SaO2,Lab,97.25,2.75,209,0,60.0,93.57,99.6
AST,Lab,98.25,1.75,133,0,8.0,246.74,6182.0
BUN,Lab,93.06,6.94,527,0,1.0,23.74,140.0
Alkalinephos,Lab,98.3,1.7,129,0,31.0,110.65,1129.0
Calcium,Lab,94.22,5.78,439,0,1.02,7.68,17.0
Chloride,Lab,95.76,4.24,322,0,74.0,105.79,123.0
Creatinine,Lab,93.7,6.3,478,0,0.3,1.61,12.44
Bilirubin_direct,Lab,99.83,0.17,13,0,0.1,1.07,3.4
Glucose,Lab,83.25,16.75,1272,0,48.0,138.69,437.0
Lactate,Lab,97.54,2.46,187,0,0.67,2.05,6.37
Magnesium,Lab,93.92,6.08,462,0,0.9,2.03,3.4
Phosphate,Lab,95.98,4.02,305,0,0.4,3.32,10.5
Potassium,Lab,90.72,9.28,705,0,2.5,4.16,9.7
Bilirubin_total,Lab,98.43,1.57,119,0,0.2,2.06,15.7
TroponinI,Lab,98.99,1.01,77,0,0.01,18.33,200.0
Hct,Lab,91.72,8.28,629,0,18.4,31.38,50.3
Hgb,Lab,92.81,7.19,546,0,5.7,10.53,20.0
PTT,Lab,97.18,2.82,214,0,19.8,35.32,249.9
WBC,Lab,93.61,6.39,485,0,2.1,10.82,27.7
Fibrinogen,Lab,99.46,0.54,41,0,124.0,295.07,804.0
Platelets,Lab,94.05,5.95,452,0,22.0,215.75,759.0
Age,Demographic,0.0,100.0,7593,0,25.42,60.29,100.0
Gender,Demographic,0.0,100.0,7593,0,0.0,0.63,1.0
Unit1,Demographic,36.98,63.02,4785,0,0.0,0.58,1.0
Unit2,Demographic,36.98,63.02,4785,0,0.0,0.42,1.0
HospAdmTime,Demographic,0.0,100.0,7593,0,-1195.71,-65.94,0.94
ICULOS,Demographic,0.0,100.0,7593,0,1.0,30.8,271.0
SepsisLabel,Target,0.0,100.0,7593,0,0.0,0.03,1.0
