patient_id,hospital,num_rows,has_sepsis,num_sepsis_hours,first_sepsis_hour,iculos_monotonic
p000001,A,54,0,0,-1,True
p000002,A,23,0,0,-1,True
p000003,A,48,0,0,-1,True
p000004,A,29,0,0,-1,True
p000005,A,48,0,0,-1,True
p000006,A,17,0,0,-1,True
p000007,A,45,0,0,-1,True
p000008,A,40,0,0,-1,True
p000009,A,258,1,10,248,True
p000010,A,23,0,0,-1,True
p000011,A,34,1,10,24,True
p000012,A,21,0,0,-1,True
p000013,A,39,0,0,-1,True
p000014,A,42,0,0,-1,True
p000015,A,15,1,10,5,True
p000016,A,19,0,0,-1,True
p000017,A,37,0,0,-1,True
p000018,A,134,1,9,125,True
p000019,A,48,0,0,-1,True
p000020,A,19,0,0,-1,True
p000021,A,57,0,0,-1,True
p000022,A,19,1,10,9,True
p000023,A,21,0,0,-1,True
p000024,A,51,0,0,-1,True
p000025,A,50,0,0,-1,True
p000026,A,13,0,0,-1,True
p000027,A,10,0,0,-1,True
p000028,A,31,1,10,21,True
p000029,A,48,0,0,-1,True
p000030,A,45,0,0,-1,True
p000031,A,55,0,0,-1,True
p000032,A,51,0,0,-1,True
p000033,A,37,0,0,-1,True
p000034,A,13,1,10,3,True
p000035,A,41,0,0,-1,True
p000036,A,16,0,0,-1,True
p000037,A,18,0,0,-1,True
p000038,A,38,0,0,-1,True
p000039,A,45,0,0,-1,True
p000040,A,24,0,0,-1,True
p000041,A,34,0,0,-1,True
p000042,A,73,1,10,63,True
p000043,A,45,0,0,-1,True
p000044,A,34,0,0,-1,True
p000045,A,19,0,0,-1,True
p000046,A,50,0,0,-1,True
p000047,A,18,0,0,-1,True
p000048,A,16,0,0,-1,True
p000049,A,18,0,0,-1,True
p000050,A,50,0,0,-1,True
p000051,A,40,0,0,-1,True
p000052,A,43,0,0,-1,True
p000053,A,25,1,10,15,True
p000054,A,57,0,0,-1,True
p000055,A,14,0,0,-1,True
p000056,A,9,1,9,0,True
p000057,A,35,0,0,-1,True
p000058,A,8,1,8,0,True
p000059,A,37,0,0,-1,True
p000060,A,9,0,0,-1,True
p000061,A,18,0,0,-1,True
p000062,A,41,0,0,-1,True
p000063,A,14,1,10,4,True
p000064,A,28,1,9,19,True
p000065,A,29,0,0,-1,True
p000066,A,19,0,0,-1,True
p000067,A,18,0,0,-1,True
p000068,A,46,0,0,-1,True
p000069,A,12,0,0,-1,True
p000070,A,36,0,0,-1,True
p000071,A,54,0,0,-1,True
p000072,A,20,0,0,-1,True
p000073,A,23,0,0,-1,True
p000074,A,13,0,0,-1,True
p000075,A,38,0,0,-1,True
p000076,A,50,0,0,-1,True
p000077,A,23,0,0,-1,True
p000078,A,104,1,10,94,True
p000079,A,42,0,0,-1,True
p000080,A,37,0,0,-1,True
p000081,A,36,0,0,-1,True
p000082,A,44,0,0,-1,True
p000083,A,50,0,0,-1,True
p000084,A,42,0,0,-1,True
p000085,A,55,0,0,-1,True
p000086,A,20,0,0,-1,True
p000087,A,46,0,0,-1,True
p000088,A,15,0,0,-1,True
p000089,A,26,0,0,-1,True
p000090,A,41,0,0,-1,True
p000091,A,54,0,0,-1,True
p000092,A,32,0,0,-1,True
p000093,A,29,0,0,-1,True
p000094,A,37,0,0,-1,True
p000095,A,35,0,0,-1,True
p000096,A,19,0,0,-1,True
p000097,A,34,0,0,-1,True
p000098,A,54,0,0,-1,True
p000099,A,22,0,0,-1,True
p000100,A,38,0,0,-1,True
p100001,B,24,0,0,-1,True
p100002,B,25,0,0,-1,True
p100003,B,43,0,0,-1,True
p100004,B,59,0,0,-1,True
p100005,B,52,0,0,-1,True
p100006,B,47,0,0,-1,True
p100007,B,37,0,0,-1,True
p100008,B,50,0,0,-1,True
p100009,B,30,0,0,-1,True
p100010,B,16,0,0,-1,True
p100011,B,50,0,0,-1,True
p100012,B,43,0,0,-1,True
p100013,B,90,1,10,80,True
p100014,B,43,0,0,-1,True
p100015,B,16,0,0,-1,True
p100016,B,271,1,6,265,True
p100017,B,21,0,0,-1,True
p100018,B,43,0,0,-1,True
p100019,B,46,0,0,-1,True
p100020,B,42,0,0,-1,True
p100021,B,38,0,0,-1,True
p100022,B,50,0,0,-1,True
p100023,B,40,0,0,-1,True
p100024,B,20,0,0,-1,True
p100025,B,47,0,0,-1,True
p100026,B,13,0,0,-1,True
p100027,B,20,0,0,-1,True
p100028,B,25,0,0,-1,True
p100029,B,46,0,0,-1,True
p100030,B,50,0,0,-1,True
p100031,B,37,0,0,-1,True
p100032,B,28,0,0,-1,True
p100033,B,21,0,0,-1,True
p100034,B,23,0,0,-1,True
p100035,B,50,0,0,-1,True
p100036,B,38,0,0,-1,True
p100037,B,37,0,0,-1,True
p100038,B,31,0,0,-1,True
p100039,B,47,0,0,-1,True
p100040,B,21,0,0,-1,True
p100041,B,41,0,0,-1,True
p100042,B,31,0,0,-1,True
p100043,B,24,0,0,-1,True
p100044,B,20,0,0,-1,True
p100045,B,39,0,0,-1,True
p100046,B,59,0,0,-1,True
p100047,B,36,1,10,26,True
p100048,B,42,0,0,-1,True
p100049,B,88,1,10,78,True
p100050,B,46,0,0,-1,True
p100051,B,25,0,0,-1,True
p100052,B,23,0,0,-1,True
p100053,B,24,0,0,-1,True
p100054,B,35,0,0,-1,True
p100055,B,8,1,8,0,True
p100056,B,53,0,0,-1,True
p100057,B,59,0,0,-1,True
p100058,B,34,0,0,-1,True
p100059,B,20,0,0,-1,True
p100060,B,30,0,0,-1,True
p100061,B,52,0,0,-1,True
p100062,B,26,0,0,-1,True
p100063,B,56,0,0,-1,True
p100064,B,38,0,0,-1,True
p100065,B,23,0,0,-1,True
p100066,B,19,0,0,-1,True
p100067,B,16,0,0,-1,True
p100068,B,104,1,10,94,True
p100069,B,40,0,0,-1,True
p100070,B,17,0,0,-1,True
p100071,B,43,0,0,-1,True
p100072,B,35,1,10,25,True
p100073,B,27,1,9,18,True
p100074,B,21,0,0,-1,True
p100075,B,44,0,0,-1,True
p100076,B,9,0,0,-1,True
p100077,B,24,0,0,-1,True
p100078,B,36,0,0,-1,True
p100079,B,22,0,0,-1,True
p100080,B,25,0,0,-1,True
p100081,B,56,0,0,-1,True
p100082,B,55,0,0,-1,True
p100083,B,21,0,0,-1,True
p100084,B,22,0,0,-1,True
p100085,B,39,0,0,-1,True
p100086,B,41,0,0,-1,True
p100087,B,40,0,0,-1,True
p100088,B,39,1,10,29,True
p100089,B,44,0,0,-1,True
p100090,B,18,0,0,-1,True
p100091,B,36,0,0,-1,True
p100092,B,15,0,0,-1,True
p100093,B,51,0,0,-1,True
p100094,B,49,0,0,-1,True
p100095,B,40,0,0,-1,True
p100096,B,36,0,0,-1,True
p100097,B,18,0,0,-1,True
p100098,B,25,0,0,-1,True
p100099,B,39,0,0,-1,True
p100100,B,61,1,9,52,True
